"ods_codigo","ods_nombre","ods_descripcion","meta_ods_codigo","meta_ods_descripcion"
"1","Fin de la pobreza","Poner fin a la pobreza en todas sus formas y en todo el mundo","1.01","Para 2030, erradicar la pobreza extrema para todas las personas en el mundo, actualmente medida por un ingreso por persona inferior a 1,25 dólares de los Estados Unidos al día"
"1","Fin de la pobreza","Poner fin a la pobreza en todas sus formas y en todo el mundo","1.02","Para 2030, reducir al menos a la mitad la proporción de hombres, mujeres y niños de todas las edades que viven en la pobreza en todas sus dimensiones con arreglo a las definiciones nacionales"
"1","Fin de la pobreza","Poner fin a la pobreza en todas sus formas y en todo el mundo","1.03","Poner en práctica a nivel nacional sistemas y medidas apropiadas de protección social para todos, incluidos niveles mínimos, y, para 2030, lograr una amplia cobertura de los pobres y los vulnerables"
"1","Fin de la pobreza","Poner fin a la pobreza en todas sus formas y en todo el mundo","1.04","Para 2030, garantizar que todos los hombres y mujeres, en particular los pobres y los vulnerables, tengan los mismos derechos a los recursos económicos, así como acceso a los servicios básicos, la propiedad y el control de las tierras y otros bienes, la herencia, los recursos naturales, las nuevas tecnologías apropiadas y los servicios financieros, incluida la microfinanciación"
"1","Fin de la pobreza","Poner fin a la pobreza en todas sus formas y en todo el mundo","1.05","Para 2030, fomentar la resiliencia de los pobres y las personas que se encuentran en situaciones vulnerables y reducir su exposición y vulnerabilidad a los fenómenos extremos relacionados con el clima y otras crisis y desastres económicos, sociales y ambientales"
"1","Fin de la pobreza","Poner fin a la pobreza en todas sus formas y en todo el mundo","1.a","Garantizar una movilización importante de recursos procedentes de diversas fuentes, incluso mediante la mejora de la cooperación para el desarrollo, a fin de proporcionar medios suficientes y previsibles a los países en desarrollo, en particular los países menos adelantados, para poner en práctica programas y políticas encaminados a poner fin a la pobreza en todas sus dimensiones"
"1","Fin de la pobreza","Poner fin a la pobreza en todas sus formas y en todo el mundo","1.b","Crear marcos normativos sólidos en los planos nacional, regional e internacional, sobre la base de estrategias de desarrollo en favor de los pobres que tengan en cuenta las cuestiones de género, a fin de apoyar la inversión acelerada en medidas para erradicar la pobreza"
"2","Hambre cero","Poner fin al hambre, lograr la seguridad alimentaria y la mejora de la nutrición y promover la agricultura sostenible","2.01","Para 2030, poner fin al hambre y asegurar el acceso de todas las personas, en particular los pobres y las personas en situaciones vulnerables, incluidos los lactantes, a una alimentación sana, nutritiva y suficiente durante todo el año"
"2","Hambre cero","Poner fin al hambre, lograr la seguridad alimentaria y la mejora de la nutrición y promover la agricultura sostenible","2.02","Para 2030, poner fin a todas las formas de malnutrición, incluso logrando, a más tardar en 2025, las metas convenidas internacionalmente sobre el retraso del crecimiento y la emaciación de los niños menores de 5 años, y abordar las necesidades de nutrición de las adolescentes, las mujeres embarazadas y lactantes y las personas de edad"
"2","Hambre cero","Poner fin al hambre, lograr la seguridad alimentaria y la mejora de la nutrición y promover la agricultura sostenible","2.03","Para 2030, duplicar la productividad agrícola y los ingresos de los productores de alimentos en pequeña escala, en particular las mujeres, los pueblos indígenas, los agricultores familiares, los pastores y los pescadores, entre otras cosas mediante un acceso seguro y equitativo a las tierras, a otros recursos de producción e insumos, conocimientos, servicios financieros, mercados y oportunidades para la generación de valor añadido y empleos no agrícolas"
"2","Hambre cero","Poner fin al hambre, lograr la seguridad alimentaria y la mejora de la nutrición y promover la agricultura sostenible","2.04","Para 2030, asegurar la sostenibilidad de los sistemas de producción de alimentos y aplicar prácticas agrícolas resilientes que aumenten la productividad y la producción, contribuyan al mantenimiento de los ecosistemas, fortalezcan la capacidad de adaptación al cambio climático, los fenómenos meteorológicos extremos, las sequías, las inundaciones y otros desastres, y mejoren progresivamente la calidad del suelo y la tierra"
"2","Hambre cero","Poner fin al hambre, lograr la seguridad alimentaria y la mejora de la nutrición y promover la agricultura sostenible","2.05","Para 2020, mantener la diversidad genética de las semillas, las plantas cultivadas y los animales de granja y domesticados y sus especies silvestres conexas, entre otras cosas mediante una buena gestión y diversificación de los bancos de semillas y plantas a nivel nacional, regional e internacional, y promover el acceso a los beneficios que se deriven de la utilización de los recursos genéticos y los conocimientos tradicionales y su distribución justa y equitativa, como se ha convenido internacionalmente"
"2","Hambre cero","Poner fin al hambre, lograr la seguridad alimentaria y la mejora de la nutrición y promover la agricultura sostenible","2.a","Aumentar las inversiones, incluso mediante una mayor cooperación internacional, en la infraestructura rural, la investigación agrícola y los servicios de extensión, el desarrollo tecnológico y los bancos de genes de plantas y ganado a fin de mejorar la capacidad de producción agrícola en los países en desarrollo, en particular en los países menos adelantados"
"2","Hambre cero","Poner fin al hambre, lograr la seguridad alimentaria y la mejora de la nutrición y promover la agricultura sostenible","2.b","Corregir y prevenir las restricciones y distorsiones comerciales en los mercados agropecuarios mundiales, entre otras cosas mediante la eliminación paralela de todas las formas de subvenciones a las exportaciones agrícolas y todas las medidas de exportación con efectos equivalentes, de conformidad con el mandato de la Ronda de Doha para el Desarrollo"
"2","Hambre cero","Poner fin al hambre, lograr la seguridad alimentaria y la mejora de la nutrición y promover la agricultura sostenible","2.c","Adoptar medidas para asegurar el buen funcionamiento de los mercados de productos básicos alimentarios y sus derivados y facilitar el acceso oportuno a información sobre los mercados, en particular sobre las reservas de alimentos, a fin de ayudar a limitar la extrema volatilidad de los precios de los alimentos"
"3","Salud y bienestar","Garantizar una vida sana y promover el bienestar para todos en todas las edades","3.01","Para 2030, reducir la tasa mundial de mortalidad materna a menos de 70 por cada 100.000 nacidos vivos"
"3","Salud y bienestar","Garantizar una vida sana y promover el bienestar para todos en todas las edades","3.02","Para 2030, poner fin a las muertes evitables de recién nacidos y de niños menores de 5 años, logrando que todos los países intenten reducir la mortalidad neonatal al menos hasta 12 por cada 1.000 nacidos vivos, y la mortalidad de niños menores de 5 años al menos hasta 25 por cada 1.000 nacidos vivos"
"3","Salud y bienestar","Garantizar una vida sana y promover el bienestar para todos en todas las edades","3.03","Para 2030, poner fin a las epidemias del SIDA, la tuberculosis, la malaria y las enfermedades tropicales desatendidas y combatir la hepatitis, las enfermedades transmitidas por el agua y otras enfermedades transmisibles"
"3","Salud y bienestar","Garantizar una vida sana y promover el bienestar para todos en todas las edades","3.04","Para 2030, reducir en un tercio la mortalidad prematura por enfermedades no transmisibles mediante la prevención y el tratamiento y promover la salud mental y el bienestar"
"3","Salud y bienestar","Garantizar una vida sana y promover el bienestar para todos en todas las edades","3.05","Fortalecer la prevención y el tratamiento del abuso de sustancias adictivas, incluido el uso indebido de estupefacientes y el consumo nocivo de alcohol"
"3","Salud y bienestar","Garantizar una vida sana y promover el bienestar para todos en todas las edades","3.06","Para 2020, reducir a la mitad el número de muertes y lesiones causadas por accidentes de tráfico en el mundo"
"3","Salud y bienestar","Garantizar una vida sana y promover el bienestar para todos en todas las edades","3.07","Para 2030, garantizar el acceso universal a los servicios de salud sexual y reproductiva, incluidos los de planificación de la familia, información y educación, y la integración de la salud reproductiva en las estrategias y los programas nacionales"
"3","Salud y bienestar","Garantizar una vida sana y promover el bienestar para todos en todas las edades","3.08","Lograr la cobertura sanitaria universal, en particular la protección contra los riesgos financieros, el acceso a servicios de salud esenciales de calidad y el acceso a medicamentos y vacunas seguros, eficaces, asequibles y de calidad para todos"
"3","Salud y bienestar","Garantizar una vida sana y promover el bienestar para todos en todas las edades","3.09","Para 2030, reducir sustancialmente el número de muertes y enfermedades producidas por productos químicos peligrosos y la contaminación del aire, el agua y el suelo"
"3","Salud y bienestar","Garantizar una vida sana y promover el bienestar para todos en todas las edades","3.a","Fortalecer la aplicación del Convenio Marco de la Organización Mundial de la Salud para el Control del Tabaco en todos los países, según proceda"
"3","Salud y bienestar","Garantizar una vida sana y promover el bienestar para todos en todas las edades","3.b","Apoyar las actividades de investigación y desarrollo de vacunas y medicamentos para las enfermedades transmisibles y no transmisibles que afectan primordialmente a los países en desarrollo y facilitar el acceso a medicamentos y vacunas esenciales asequibles de conformidad con la Declaración de Doha relativa al Acuerdo sobre los ADPIC y la Salud Pública, en la que se afirma el derecho de los países en desarrollo a utilizar al máximo las disposiciones del Acuerdo sobre los Aspectos de los Derechos de Propiedad Intelectual Relacionados con el Comercio en lo relativo a la flexibilidad para proteger la salud pública y, en particular, proporcionar acceso a los medicamentos para todos"
"3","Salud y bienestar","Garantizar una vida sana y promover el bienestar para todos en todas las edades","3.c","Aumentar sustancialmente la financiación de la salud y la contratación, el desarrollo, la capacitación y la retención del personal sanitario en los países en desarrollo, especialmente en los países menos adelantados y los pequeños Estados insulares en desarrollo"
"3","Salud y bienestar","Garantizar una vida sana y promover el bienestar para todos en todas las edades","3.d","Reforzar la capacidad de todos los países, en particular los países en desarrollo, en materia de alerta temprana, reducción de riesgos y gestión de los riesgos para la salud nacional y mundial"
"4","Educación de calidad","Garantizar una educación inclusiva, equitativa y de calidad y promover oportunidades de aprendizaje durante toda la vida para todos","4.01","Para 2030, velar por que todas las niñas y todos los niños terminen los ciclos de la enseñanza primaria y secundaria, que ha de ser gratuita, equitativa y de calidad y producir resultados escolares pertinentes y eficaces"
"4","Educación de calidad","Garantizar una educación inclusiva, equitativa y de calidad y promover oportunidades de aprendizaje durante toda la vida para todos","4.02","Para 2030, velar por que todas las niñas y todos los niños tengan acceso a servicios de atención y desarrollo en la primera infancia y a una enseñanza preescolar de calidad, a fin de que estén preparados para la enseñanza primaria"
"4","Educación de calidad","Garantizar una educación inclusiva, equitativa y de calidad y promover oportunidades de aprendizaje durante toda la vida para todos","4.03","Para 2030, asegurar el acceso en condiciones de igualdad para todos los hombres y las mujeres a una formación técnica, profesional y superior de calidad, incluida la enseñanza universitaria"
"4","Educación de calidad","Garantizar una educación inclusiva, equitativa y de calidad y promover oportunidades de aprendizaje durante toda la vida para todos","4.04","Para 2030, aumentar sustancialmente el número de jóvenes y adultos que tienen las competencias necesarias, en particular técnicas y profesionales, para acceder al empleo, el trabajo decente y el emprendimiento"
"4","Educación de calidad","Garantizar una educación inclusiva, equitativa y de calidad y promover oportunidades de aprendizaje durante toda la vida para todos","4.05","Para 2030, eliminar las disparidades de género en la educación y garantizar el acceso en condiciones de igualdad de las personas vulnerables, incluidas las personas con discapacidad, los pueblos indígenas y los niños en situaciones de vulnerabilidad, a todos los niveles de la enseñanza y la formación profesional"
"4","Educación de calidad","Garantizar una educación inclusiva, equitativa y de calidad y promover oportunidades de aprendizaje durante toda la vida para todos","4.06","Para 2030, garantizar que todos los jóvenes y al menos una proporción sustancial de los adultos, tanto hombres como mujeres, tengan competencias de lectura, escritura y aritmética"
"4","Educación de calidad","Garantizar una educación inclusiva, equitativa y de calidad y promover oportunidades de aprendizaje durante toda la vida para todos","4.07","Para 2030, garantizar que todos los alumnos adquieran los conocimientos teóricos y prácticos necesarios para promover el desarrollo sostenible, entre otras cosas mediante la educación para el desarrollo sostenible y la adopción de estilos de vida sostenibles, los derechos humanos, la igualdad entre los géneros, la promoción de una cultura de paz y no violencia, la ciudadanía mundial y la valoración de la diversidad cultural y de la contribución de la cultura al desarrollo sostenible, entre otros medios"
"4","Educación de calidad","Garantizar una educación inclusiva, equitativa y de calidad y promover oportunidades de aprendizaje durante toda la vida para todos","4.a","Construir y adecuar instalaciones escolares que respondan a las necesidades de los niños y las personas discapacitadas y tengan en cuenta las cuestiones de género, y que ofrezcan entornos de aprendizaje seguros, no violentos, inclusivos y eficaces para todos"
"4","Educación de calidad","Garantizar una educación inclusiva, equitativa y de calidad y promover oportunidades de aprendizaje durante toda la vida para todos","4.b","Para 2020, aumentar sustancialmente a nivel mundial el número de becas disponibles para los países en desarrollo, en particular los países menos adelantados, los pequeños Estados insulares en desarrollo y los países de África, para que sus estudiantes puedan matricularse en programas de estudios superiores, incluidos programas de formación profesional y programas técnicos, científicos, de ingeniería y de tecnología de la información y las comunicaciones, en países desarrollados y otros países en desarrollo"
"4","Educación de calidad","Garantizar una educación inclusiva, equitativa y de calidad y promover oportunidades de aprendizaje durante toda la vida para todos","4.c","Para 2030, aumentar sustancialmente la oferta de maestros calificados, entre otras cosas mediante la cooperación internacional para la formación de docentes en los países en desarrollo, especialmente los países menos adelantados y los pequeños Estados insulares en desarrollo"
"5","Igualdad de género","Lograr la igualdad entre los géneros y empoderar a todas las mujeres y niñas","5.01","Poner fin a todas las formas de discriminación contra todas las mujeres y las niñas en todo el mundo"
"5","Igualdad de género","Lograr la igualdad entre los géneros y empoderar a todas las mujeres y niñas","5.02","Eliminar todas las formas de violencia contra todas las mujeres y las niñas en los ámbitos público y privado, incluidas la trata y la explotación sexual y otros tipos de explotación"
"5","Igualdad de género","Lograr la igualdad entre los géneros y empoderar a todas las mujeres y niñas","5.03","Eliminar todas las prácticas nocivas, como el matrimonio infantil, precoz y forzado y la mutilación genital femenina"
"5","Igualdad de género","Lograr la igualdad entre los géneros y empoderar a todas las mujeres y niñas","5.04","Reconocer y valorar los cuidados no remunerados y el trabajo doméstico no remunerado mediante la prestación de servicios públicos, la provisión de infraestructuras y la formulación de políticas de protección social, así como mediante la promoción de la responsabilidad compartida en el hogar y la familia, según proceda en cada país"
"5","Igualdad de género","Lograr la igualdad entre los géneros y empoderar a todas las mujeres y niñas","5.05","Velar por la participación plena y efectiva de las mujeres y la igualdad de oportunidades de liderazgo a todos los niveles de la adopción de decisiones en la vida política, económica y pública"
"5","Igualdad de género","Lograr la igualdad entre los géneros y empoderar a todas las mujeres y niñas","5.06","Garantizar el acceso universal a la salud sexual y reproductiva y los derechos reproductivos, de conformidad con el Programa de Acción de la Conferencia Internacional sobre la Población y el Desarrollo, la Plataforma de Acción de Beijing y los documentos finales de sus conferencias de examen"
"5","Igualdad de género","Lograr la igualdad entre los géneros y empoderar a todas las mujeres y niñas","5.a","Emprender reformas que otorguen a las mujeres el derecho a los recursos económicos en condiciones de igualdad , así como el acceso a la propiedad y al control de las tierras y otros bienes, los servicios financieros, la herencia y los recursos naturales, de conformidad con las leyes nacionales"
"5","Igualdad de género","Lograr la igualdad entre los géneros y empoderar a todas las mujeres y niñas","5.b","Mejorar el uso de la tecnología instrumental, en particular la tecnología de la información y las comunicaciones, para promover el empoderamiento de la mujer"
"5","Igualdad de género","Lograr la igualdad entre los géneros y empoderar a todas las mujeres y niñas","5.c","Aprobar y fortalecer políticas acertadas y leyes aplicables para promover la igualdad entre los géneros y el empoderamiento de las mujeres y las niñas a todos los niveles"
"6","Agua limpia y saneamiento","Garantizar la disponibilidad de agua y su gestión sostenible y el saneamiento para todos","6.01","Para 2030, lograr el acceso universal y equitativo al agua potable, a un precio asequible para todos"
"6","Agua limpia y saneamiento","Garantizar la disponibilidad de agua y su gestión sostenible y el saneamiento para todos","6.02","Para 2030, lograr el acceso equitativo a servicios de saneamiento e higiene adecuados para todos y poner fin a la defecación al aire libre, prestando especial atención a las necesidades de las mujeres y las niñas y las personas en situaciones vulnerables"
"6","Agua limpia y saneamiento","Garantizar la disponibilidad de agua y su gestión sostenible y el saneamiento para todos","6.03","Para 2030, mejorar la calidad del agua mediante la reducción de la contaminación, la eliminación del vertimiento y la reducción al mínimo de la descarga de materiales y productos químicos peligrosos, la reducción a la mitad del porcentaje de aguas residuales sin tratar y un aumento sustancial del reciclado y la reutilización en condiciones de seguridad a nivel mundial"
"6","Agua limpia y saneamiento","Garantizar la disponibilidad de agua y su gestión sostenible y el saneamiento para todos","6.04","Para 2030, aumentar sustancialmente la utilización eficiente de los recursos hídricos en todos los sectores y asegurar la sostenibilidad de la extracción y el abastecimiento de agua dulce para hacer frente a la escasez de agua y reducir sustancialmente el número de personas que sufren de escasez de agua"
"6","Agua limpia y saneamiento","Garantizar la disponibilidad de agua y su gestión sostenible y el saneamiento para todos","6.05","Para 2030, poner en práctica la gestión integrada de los recursos hídricos a todos los niveles, incluso mediante la cooperación transfronteriza, según proceda"
"6","Agua limpia y saneamiento","Garantizar la disponibilidad de agua y su gestión sostenible y el saneamiento para todos","6.06","Para 2020, proteger y restablecer los ecosistemas relacionados con el agua, incluidos los bosques, las montañas, los humedales, los ríos, los acuíferos y los lagos"
"6","Agua limpia y saneamiento","Garantizar la disponibilidad de agua y su gestión sostenible y el saneamiento para todos","6.a","Para 2030, ampliar la cooperación internacional y el apoyo prestado a los países en desarrollo para la creación de capacidad en actividades y programas relativos al agua y el saneamiento, incluidos el acopio y almacenamiento de agua, la desalinización, el aprovechamiento eficiente de los recursos hídricos, el tratamiento de aguas residuales y las tecnologías de reciclaje y reutilización"
"6","Agua limpia y saneamiento","Garantizar la disponibilidad de agua y su gestión sostenible y el saneamiento para todos","6.b","Apoyar y fortalecer la participación de las comunidades locales en la mejora de la gestión del agua y el saneamiento"
"7","Energía asequible y no contaminante","Garantizar el acceso a una energía asequible, segura, sostenible y moderna para todos","7.01","Para 2030, garantizar el acceso universal a servicios de energía asequibles, confiables y modernos"
"7","Energía asequible y no contaminante","Garantizar el acceso a una energía asequible, segura, sostenible y moderna para todos","7.02","Para 2030, aumentar sustancialmente el porcentaje de la energía renovable en el conjunto de fuentes de energía"
"7","Energía asequible y no contaminante","Garantizar el acceso a una energía asequible, segura, sostenible y moderna para todos","7.03","Para 2030, duplicar la tasa mundial de mejora de la eficiencia energética"
"7","Energía asequible y no contaminante","Garantizar el acceso a una energía asequible, segura, sostenible y moderna para todos","7.a","Para 2030, aumentar la cooperación internacional a fin de facilitar el acceso a la investigación y las tecnologías energéticas no contaminantes, incluidas las fuentes de energía renovables, la eficiencia energética y las tecnologías avanzadas y menos contaminantes de combustibles fósiles, y promover la inversión en infraestructuras energéticas y tecnologías de energía no contaminante"
"7","Energía asequible y no contaminante","Garantizar el acceso a una energía asequible, segura, sostenible y moderna para todos","7.b","Para 2030, ampliar la infraestructura y mejorar la tecnología para prestar servicios de energía modernos y sostenibles para todos en los países en desarrollo, en particular los países menos adelantados, los pequeños Estados insulares en desarrollo y los países en desarrollo sin litoral, en consonancia con sus respectivos programas de apoyo"
"8","Trabajo decente y crecimiento económico","Promover el crecimiento económico sostenido, inclusivo y sostenible, el empleo pleno y productivo y el trabajo decente para todos","8.01","Mantener el crecimiento económico per capita de conformidad con las circunstancias nacionales y, en particular, un crecimiento del producto interno bruto de al menos un 7% anual en los países menos adelantados"
"8","Trabajo decente y crecimiento económico","Promover el crecimiento económico sostenido, inclusivo y sostenible, el empleo pleno y productivo y el trabajo decente para todos","8.02","Lograr niveles más elevados de productividad económica mediante la diversificación, la modernización tecnológica y la innovación, entre otras cosas centrando la atención en sectores de mayor valor añadido y uso intensivo de mano de obra"
"8","Trabajo decente y crecimiento económico","Promover el crecimiento económico sostenido, inclusivo y sostenible, el empleo pleno y productivo y el trabajo decente para todos","8.03","Promover políticas orientadas al desarrollo que apoyen las actividades productivas, la creación de empleo decente, el emprendimiento, la creatividad y la innovación, y alentar la oficialización y el crecimiento de las microempresas y las pequeñas y medianas empresas, entre otras cosas mediante el acceso a servicios financieros"
"8","Trabajo decente y crecimiento económico","Promover el crecimiento económico sostenido, inclusivo y sostenible, el empleo pleno y productivo y el trabajo decente para todos","8.04","Mejorar progresivamente, para 2030, la producción y el consumo eficientes de los recursos mundiales y procurar desvincular el crecimiento económico de la degradación del medio ambiente, de conformidad con el marco decenal de programas sobre modalidades sostenibles de consumo y producción, empezando por los países desarrollados"
"8","Trabajo decente y crecimiento económico","Promover el crecimiento económico sostenido, inclusivo y sostenible, el empleo pleno y productivo y el trabajo decente para todos","8.05","Para 2030, lograr el empleo pleno y productivo y garantizar un trabajo decente para todos los hombres y mujeres, incluidos los jóvenes y las personas con discapacidad, y la igualdad de remuneración por trabajo de igual valor"
"8","Trabajo decente y crecimiento económico","Promover el crecimiento económico sostenido, inclusivo y sostenible, el empleo pleno y productivo y el trabajo decente para todos","8.06","Para 2020, reducir sustancialmente la proporción de jóvenes que no están empleados y no cursan estudios ni reciben capacitación"
"8","Trabajo decente y crecimiento económico","Promover el crecimiento económico sostenido, inclusivo y sostenible, el empleo pleno y productivo y el trabajo decente para todos","8.07","Adoptar medidas inmediatas y eficaces para erradicar el trabajo forzoso, poner fin a las formas modernas de esclavitud y la trata de seres humanos y asegurar la prohibición y eliminación de las peores formas de trabajo infantil, incluidos el reclutamiento y la utilización de niños soldados, y, a más tardar en 2025, poner fin al trabajo infantil en todas sus formas"
"8","Trabajo decente y crecimiento económico","Promover el crecimiento económico sostenido, inclusivo y sostenible, el empleo pleno y productivo y el trabajo decente para todos","8.08","Proteger los derechos laborales y promover un entorno de trabajo seguro y protegido para todos los trabajadores, incluidos los trabajadores migrantes, en particular las mujeres migrantes y las personas con empleos precarios"
"8","Trabajo decente y crecimiento económico","Promover el crecimiento económico sostenido, inclusivo y sostenible, el empleo pleno y productivo y el trabajo decente para todos","8.09","Para 2030, elaborar y poner en práctica políticas encaminadas a promover un turismo sostenible que cree puestos de trabajo y promueva la cultura y los productos locales"
"8","Trabajo decente y crecimiento económico","Promover el crecimiento económico sostenido, inclusivo y sostenible, el empleo pleno y productivo y el trabajo decente para todos","8.10","Fortalecer la capacidad de las instituciones financieras nacionales para alentar y ampliar el acceso a los servicios bancarios, financieros y de seguros para todos"
"8","Trabajo decente y crecimiento económico","Promover el crecimiento económico sostenido, inclusivo y sostenible, el empleo pleno y productivo y el trabajo decente para todos","8.a","Aumentar el apoyo a la iniciativa de ayuda para el comercio en los países en desarrollo, en particular los países menos adelantados, incluso en el contexto del Marco Integrado Mejorado de Asistencia Técnica Relacionada con el Comercio para los Países Menos Adelantados"
"8","Trabajo decente y crecimiento económico","Promover el crecimiento económico sostenido, inclusivo y sostenible, el empleo pleno y productivo y el trabajo decente para todos","8.b","Para 2020, desarrollar y poner en marcha una estrategia mundial para el empleo de los jóvenes y aplicar el Pacto Mundial para el Empleo de la Organización Internacional del Trabajo"
"9","Industria, innovación e infraestructura","Construir infraestructuras resilientes, promover la industrialización inclusiva y sostenible y fomentar la innovación","9.01","Desarrollar infraestructuras fiables, sostenibles, resilientes y de calidad, incluidas infraestructuras regionales y transfronterizas, para apoyar el desarrollo económico y el bienestar humano, con especial hincapié en el acceso equitativo y asequible para todos"
"9","Industria, innovación e infraestructura","Construir infraestructuras resilientes, promover la industrialización inclusiva y sostenible y fomentar la innovación","9.02","Promover una industrialización inclusiva y sostenible y, a más tardar en 2030, aumentar de manera significativa la contribución de la industria al empleo y al producto interno bruto, de acuerdo con las circunstancias nacionales, y duplicar esa contribución en los países menos adelantados"
"9","Industria, innovación e infraestructura","Construir infraestructuras resilientes, promover la industrialización inclusiva y sostenible y fomentar la innovación","9.03","Aumentar el acceso de las pequeñas empresas industriales y otras empresas, en particular en los países en desarrollo, a los servicios financieros, incluido el acceso a créditos asequibles, y su integración en las cadenas de valor y los mercados"
"9","Industria, innovación e infraestructura","Construir infraestructuras resilientes, promover la industrialización inclusiva y sostenible y fomentar la innovación","9.04","Para 2030, mejorar la infraestructura y reajustar las industrias para que sean sostenibles, usando los recursos con mayor eficacia y promoviendo la adopción de tecnologías y procesos industriales limpios y ambientalmente racionales, y logrando que todos los países adopten medidas de acuerdo con sus capacidades respectivas"
"9","Industria, innovación e infraestructura","Construir infraestructuras resilientes, promover la industrialización inclusiva y sostenible y fomentar la innovación","9.05","Aumentar la investigación científica y mejorar la capacidad tecnológica de los sectores industriales de todos los países, en particular los países en desarrollo, entre otras cosas fomentando la innovación y aumentando sustancialmente el número de personas que trabajan en el campo de la investigación y el desarrollo por cada millón de personas, así como aumentando los gastos en investigación y desarrollo de los sectores público y privado para 2013"
"9","Industria, innovación e infraestructura","Construir infraestructuras resilientes, promover la industrialización inclusiva y sostenible y fomentar la innovación","9.a","Facilitar el desarrollo de infraestructuras sostenibles y resilientes en los países en desarrollo con un mayor apoyo financiero, tecnológico y técnico a los países de África, los países menos adelantados, los países en desarrollo sin litoral y los pequeños Estados insulares en desarrollo"
"9","Industria, innovación e infraestructura","Construir infraestructuras resilientes, promover la industrialización inclusiva y sostenible y fomentar la innovación","9.b","Apoyar el desarrollo de tecnologías nacionales, la investigación y la innovación en los países en desarrollo, en particular garantizando un entorno normativo propicio a la diversificación industrial y la adición de valor a los productos básicos, entre otras cosas"
"9","Industria, innovación e infraestructura","Construir infraestructuras resilientes, promover la industrialización inclusiva y sostenible y fomentar la innovación","9.c","Aumentar de forma significativa el acceso a la tecnología de la información y las comunicaciones y esforzarse por facilitar el acceso universal y asequible a Internet en los países menos adelantados a más tardar en 2020"
"10","Reducción de las desigualdades","Reducir la desigualdad en y entre los países","10.01","Para 2030, lograr progresivamente y mantener el crecimiento de los ingresos del 40% más pobre de la población a una tasa superior a la media nacional"
"10","Reducción de las desigualdades","Reducir la desigualdad en y entre los países","10.02","Para 2030, potenciar y promover la inclusión social, económica y política de todas las personas, independientemente de su edad, sexo, discapacidad, raza, etnia, origen, religión o situación económica u otra condición"
"10","Reducción de las desigualdades","Reducir la desigualdad en y entre los países","10.03","Garantizar la igualdad de oportunidades y reducir la desigualdad de los resultados, en particular mediante la eliminación de las leyes, políticas y prácticas discriminatorias y la promoción de leyes, políticas y medidas adecuadas a ese respecto"
"10","Reducción de las desigualdades","Reducir la desigualdad en y entre los países","10.04","Adoptar políticas, en especial fiscales, salariales y de protección social, y lograr progresivamente una mayor igualdad"
"10","Reducción de las desigualdades","Reducir la desigualdad en y entre los países","10.05","Mejorar la reglamentación y vigilancia de las instituciones y los mercados financieros mundiales y fortalecer la aplicación de esa reglamentación"
"10","Reducción de las desigualdades","Reducir la desigualdad en y entre los países","10.06","Velar por una mayor representación y voz de los países en desarrollo en la adopción de decisiones en las instituciones económicas y financieras internacionales para que estas sean más eficaces, fiables, responsables y legítimas"
"10","Reducción de las desigualdades","Reducir la desigualdad en y entre los países","10.07","Facilitar la migración y la movilidad ordenadas, seguras, regulares y responsables de las personas, entre otras cosas mediante la aplicación de políticas migratorias planificadas y bien gestionadas"
"10","Reducción de las desigualdades","Reducir la desigualdad en y entre los países","10.a","Aplicar el principio del trato especial y diferenciado para los países en desarrollo, en particular los países menos adelantados, de conformidad con los acuerdos de la Organización Mundial del Comercio"
"10","Reducción de las desigualdades","Reducir la desigualdad en y entre los países","10.b","Alentar la asistencia oficial para el desarrollo y las corrientes financieras, incluida la inversión extranjera directa, para los Estados con mayores necesidades, en particular los países menos adelantados, los países de África, los pequeños Estados insulares en desarrollo y los países en desarrollo sin litoral, en consonancia con sus planes y programas nacionales"
"10","Reducción de las desigualdades","Reducir la desigualdad en y entre los países","10.c","Para 2030, reducir a menos del 3% los costos de transacción de las remesas de los migrantes y eliminar los canales de envío de remesas con un costo superior al 5%"
"11","Ciudades y comunidades sostenibles","Lograr que las ciudades y los asentamientos humanos sean inclusivos, resilientes y sostenibles","11.01","Para 2030, asegurar el acceso de todas las personas a viviendas y servicios básicos adecuados, seguros y asequibles y mejorar los barrios marginales"
"11","Ciudades y comunidades sostenibles","Lograr que las ciudades y los asentamientos humanos sean inclusivos, resilientes y sostenibles","11.02","Para 2030, proporcionar acceso a sistemas de transporte seguros, asequibles, accesibles y sostenibles para todos y mejorar la seguridad vial, en particular mediante la ampliación del transporte público, prestando especial atención a las necesidades de las personas en situación vulnerable, las mujeres, los niños, las personas con discapacidad y las personas de edad"
"11","Ciudades y comunidades sostenibles","Lograr que las ciudades y los asentamientos humanos sean inclusivos, resilientes y sostenibles","11.03","Para 2030, aumentar la urbanización inclusiva y sostenible y la capacidad para una planificación y gestión participativas, integradas y sostenibles de los asentamientos humanos en todos los países"
"11","Ciudades y comunidades sostenibles","Lograr que las ciudades y los asentamientos humanos sean inclusivos, resilientes y sostenibles","11.04","Redoblar los esfuerzos para proteger y salvaguardar el patrimonio cultural y natural del mundo"
"11","Ciudades y comunidades sostenibles","Lograr que las ciudades y los asentamientos humanos sean inclusivos, resilientes y sostenibles","11.05","Para 2030, reducir de forma significativa el número de muertes y de personas afectadas por los desastres, incluidos los relacionados con el agua, y reducir sustancialmente las pérdidas económicas directas vinculadas al producto interno bruto mundial causadas por los desastres, haciendo especial hincapié en la protección de los pobres y las personas en situaciones vulnerables"
"11","Ciudades y comunidades sostenibles","Lograr que las ciudades y los asentamientos humanos sean inclusivos, resilientes y sostenibles","11.06","Para 2030, reducir el impacto ambiental negativo per capita de las ciudades, incluso prestando especial atención a la calidad del aire y la gestión de los desechos municipales y de otro tipo"
"11","Ciudades y comunidades sostenibles","Lograr que las ciudades y los asentamientos humanos sean inclusivos, resilientes y sostenibles","11.07","Para 2030, proporcionar acceso universal a zonas verdes y espacios públicos seguros, inclusivos y accesibles, en particular para las mujeres y los niños, las personas de edad y las personas con discapacidad"
"11","Ciudades y comunidades sostenibles","Lograr que las ciudades y los asentamientos humanos sean inclusivos, resilientes y sostenibles","11.a","Apoyar los vínculos económicos, sociales y ambientales positivos entre las zonas urbanas, periurbanas y rurales mediante el fortalecimiento de la planificación del desarrollo nacional y regional"
"11","Ciudades y comunidades sostenibles","Lograr que las ciudades y los asentamientos humanos sean inclusivos, resilientes y sostenibles","11.b","Para 2020, aumentar sustancialmente el número de ciudades y asentamientos humanos que adoptan y ponen en marcha políticas y planes integrados para promover la inclusión, el uso eficiente de los recursos, la mitigación del cambio climático y la adaptación a él y la resiliencia ante los desastres, y desarrollar y poner en práctica, en consonancia con el Marco de Sendai para la Reducción del Riesgo de Desastres 2015-2030, la gestión integral de los riesgos de desastre a todos los niveles"
"11","Ciudades y comunidades sostenibles","Lograr que las ciudades y los asentamientos humanos sean inclusivos, resilientes y sostenibles","11.c","Proporcionar apoyo a los países menos adelantados, incluso mediante la asistencia financiera y técnica, para que puedan construir edificios sostenibles y resilientes utilizando materiales locales"
"12","Producción y consumo responsables","Garantizar modalidades de consumo y producción sostenibles","12.01","Aplicar el Marco Decenal de Programas sobre Modalidades de Consumo y Producción Sostenibles, con la participación de todos los países y bajo el liderazgo de los países desarrollados, teniendo en cuenta el grado de desarrollo y las capacidades de los países en desarrollo"
"12","Producción y consumo responsables","Garantizar modalidades de consumo y producción sostenibles","12.02","Para 2030, lograr la gestión sostenible y el uso eficiente de los recursos naturales"
"12","Producción y consumo responsables","Garantizar modalidades de consumo y producción sostenibles","12.03","Para 2030, reducir a la mitad el desperdicio mundial de alimentos per capita en la venta al por menor y a nivel de los consumidores y reducir las pérdidas de alimentos en las cadenas de producción y distribución, incluidas las pérdidas posteriores a las cosechas"
"12","Producción y consumo responsables","Garantizar modalidades de consumo y producción sostenibles","12.04","Para 2020, lograr la gestión ecológicamente racional de los productos químicos y de todos los desechos a lo largo de su ciclo de vida, de conformidad con los marcos internacionales convenidos, y reducir de manera significativa su liberación a la atmósfera, el agua y el suelo a fin de reducir al mínimo sus efectos adversos en la salud humana y el medio ambiente"
"12","Producción y consumo responsables","Garantizar modalidades de consumo y producción sostenibles","12.05","Para 2030, disminuir de manera sustancial la generación de desechos mediante políticas de prevención, reducción, reciclaje y reutilización"
"12","Producción y consumo responsables","Garantizar modalidades de consumo y producción sostenibles","12.06","Alentar a las empresas, en especial las grandes empresas y las empresas transnacionales, a que adopten prácticas sostenibles e incorporen información sobre la sostenibilidad en su ciclo de presentación de informes"
"12","Producción y consumo responsables","Garantizar modalidades de consumo y producción sostenibles","12.07","Promover prácticas de contratación pública que sean sostenibles, de conformidad con las políticas y prioridades nacionales"
"12","Producción y consumo responsables","Garantizar modalidades de consumo y producción sostenibles","12.08","Para 2030, velar por que las personas de todo el mundo tengan información y conocimientos pertinentes para el desarrollo sostenible y los estilos de vida en armonía con la naturaleza"
"12","Producción y consumo responsables","Garantizar modalidades de consumo y producción sostenibles","12.a","Apoyar a los países en desarrollo en el fortalecimiento de su capacidad científica y tecnológica a fin de avanzar hacia modalidades de consumo y producción más sostenibles"
"12","Producción y consumo responsables","Garantizar modalidades de consumo y producción sostenibles","12.b","Elaborar y aplicar instrumentos que permitan seguir de cerca los efectos en el desarrollo sostenible con miras a lograr un turismo sostenible que cree puestos de trabajo y promueva la cultura y los productos locales"
"12","Producción y consumo responsables","Garantizar modalidades de consumo y producción sostenibles","12.c","Racionalizar los subsidios ineficientes a los combustibles fósiles que alientan el consumo antieconómico mediante la eliminación de las distorsiones del mercado, de acuerdo con las circunstancias nacionales, incluso mediante la reestructuración de los sistemas tributarios y la eliminación gradual de los subsidios perjudiciales, cuando existan, para que se ponga de manifiesto su impacto ambiental, teniendo plenamente en cuenta las necesidades y condiciones particulares de los países en desarrollo y reduciendo al mínimo los posibles efectos adversos en su desarrollo, de manera que se proteja a los pobres y las comunidades afectadas"
"13","Acción por el clima","Adoptar medidas urgentes para combatir el cambio climático y sus efectos","13.01","Fortalecer la resiliencia y la capacidad de adaptación a los riesgos relacionados con el clima y los desastres naturales en todos los países"
"13","Acción por el clima","Adoptar medidas urgentes para combatir el cambio climático y sus efectos","13.02","Incorporar medidas relativas al cambio climático en las políticas, estrategias y planes nacionales"
"13","Acción por el clima","Adoptar medidas urgentes para combatir el cambio climático y sus efectos","13.03","Mejorar la educación, la sensibilización y la capacidad humana e institucional en relación con la mitigación del cambio climático, la adaptación a él, la reducción de sus efectos y la alerta temprana"
"13","Acción por el clima","Adoptar medidas urgentes para combatir el cambio climático y sus efectos","13.a","Poner en práctica el compromiso contraído por los países desarrollados que son parte en la Convención Marco de las Naciones Unidas sobre el Cambio Climático con el objetivo de movilizar conjuntamente 100.000 millones de dólares anuales para el año 2020, procedentes de todas las fuentes, a fin de atender a las necesidades de los países en desarrollo, en el contexto de una labor significativa de mitigación y de una aplicación transparente, y poner en pleno funcionamiento el Fondo Verde para el Clima capitalizándolo lo antes posible"
"13","Acción por el clima","Adoptar medidas urgentes para combatir el cambio climático y sus efectos","13.b","Promover mecanismos para aumentar la capacidad de planificación y gestión eficaces en relación con el cambio climático en los países menos adelantados y los pequeños Estados insulares en desarrollo, centrándose en particular en las mujeres, los jóvenes y las comunidades locales y marginadas"
"14","Vida submarina","Conservar y utilizar en forma sostenible los océanos, los mares y los recursos marinos para el desarrollo sostenible","14.01","Para 2025, prevenir y reducir de manera significativa la contaminación marina de todo tipo, en particular la contaminación producida por actividades realizadas en tierra firme, incluidos los detritos marinos y la contaminación por nutrientes"
"14","Vida submarina","Conservar y utilizar en forma sostenible los océanos, los mares y los recursos marinos para el desarrollo sostenible","14.02","Para 2020, gestionar y proteger de manera sostenible los ecosistemas marinos y costeros con miras a evitar efectos nocivos importantes, incluso mediante el fortalecimiento de su resiliencia, y adoptar medidas para restaurarlos con objeto de restablecer la salud y la productividad de los océanos"
"14","Vida submarina","Conservar y utilizar en forma sostenible los océanos, los mares y los recursos marinos para el desarrollo sostenible","14.03","Reducir al mínimo los efectos de la acidificación de los océanos y hacerles frente, incluso mediante la intensificación de la cooperación científica a todos los niveles"
"14","Vida submarina","Conservar y utilizar en forma sostenible los océanos, los mares y los recursos marinos para el desarrollo sostenible","14.04","Para 2020, reglamentar eficazmente la explotación pesquera y poner fin a la pesca excesiva, la pesca ilegal, la pesca no declarada y no reglamentada y las prácticas de pesca destructivas, y aplicar planes de gestión con fundamento científico a fin de restablecer las poblaciones de peces en el plazo más breve posible, por lo menos a niveles que puedan producir el máximo rendimiento sostenible de acuerdo con sus características biológicas"
"14","Vida submarina","Conservar y utilizar en forma sostenible los océanos, los mares y los recursos marinos para el desarrollo sostenible","14.05","Para 2020, conservar por lo menos el 10% de las zonas costeras y marinas, de conformidad con las leyes nacionales y el derecho internacional y sobre la base de la mejor información científica disponible"
"14","Vida submarina","Conservar y utilizar en forma sostenible los océanos, los mares y los recursos marinos para el desarrollo sostenible","14.06","Para 2020, prohibir ciertas formas de subvenciones a la pesca que contribuyen a la capacidad de pesca excesiva y la sobreexplotación pesquera, eliminar las subvenciones que contribuyen a la pesca ilegal, no declarada y no reglamentada y abstenerse de introducir nuevas subvenciones de esa índole, reconociendo que la negociación sobre las subvenciones a la pesca en el marco de la Organización Mundial del Comercio debe incluir un trato especial y diferenciado, apropiado y efectivo para los países en desarrollo y los países menos adelantados"
"14","Vida submarina","Conservar y utilizar en forma sostenible los océanos, los mares y los recursos marinos para el desarrollo sostenible","14.07","Para 2030, aumentar los beneficios económicos que los pequeños Estados insulares en desarrollo y los países menos adelantados reciben del uso sostenible de los recursos marinos, en particular mediante la gestión sostenible de la pesca, la acuicultura y el turismo"
"14","Vida submarina","Conservar y utilizar en forma sostenible los océanos, los mares y los recursos marinos para el desarrollo sostenible","14.a","Aumentar los conocimientos científicos, desarrollar la capacidad de investigación y transferir la tecnología marina, teniendo en cuenta los criterios y directrices para la transferencia de tecnología marina de la Comisión Oceanográfica Intergubernamental, a fin de mejorar la salud de los océanos y potenciar la contribución de la biodiversidad marina al desarrollo de los países en desarrollo, en particular los pequeños Estados insulares en desarrollo y los países menos adelantados"
"14","Vida submarina","Conservar y utilizar en forma sostenible los océanos, los mares y los recursos marinos para el desarrollo sostenible","14.b","Facilitar el acceso de los pescadores artesanales en pequeña escala a los recursos marinos y los mercados"
"14","Vida submarina","Conservar y utilizar en forma sostenible los océanos, los mares y los recursos marinos para el desarrollo sostenible","14.c","Mejorar la conservación y el uso sostenible de los océanos y sus recursos aplicando el derecho internacional reflejado en la Convención de las Naciones Unidas sobre el Derecho del Mar, que proporciona el marco jurídico para la conservación y la utilización sostenible de los océanos y sus recursos, como se recuerda en el párrafo 158 del documento “El futuro que queremos”"
"15","Vida de ecosistemas terrestres","Proteger, restablecer y promover el uso sostenible de los ecosistemas terrestres, efectuar una ordenación sostenible de los bosques, luchar contra la desertificación, detener y revertir la degradación de las tierras y poner freno a la pérdida de biodiversidad biológica","15.01","Para 2020, velar por la conservación, el restablecimiento y el uso sostenible de los ecosistemas terrestres y los ecosistemas interiores de agua dulce y los servicios que proporcionan, en particular los bosques, los humedales, las montañas y las zonas áridas, en consonancia con las obligaciones contraídas en virtud de acuerdos internacionales"
"15","Vida de ecosistemas terrestres","Proteger, restablecer y promover el uso sostenible de los ecosistemas terrestres, efectuar una ordenación sostenible de los bosques, luchar contra la desertificación, detener y revertir la degradación de las tierras y poner freno a la pérdida de biodiversidad biológica","15.02","Para 2020, promover la gestión sostenible de todos los tipos de bosques, poner fin a la deforestación, recuperar los bosques degradados e incrementar la forestación y la reforestación a nivel mundial"
"15","Vida de ecosistemas terrestres","Proteger, restablecer y promover el uso sostenible de los ecosistemas terrestres, efectuar una ordenación sostenible de los bosques, luchar contra la desertificación, detener y revertir la degradación de las tierras y poner freno a la pérdida de biodiversidad biológica","15.03","Para 2030, luchar contra la desertificación, rehabilitar las tierras y los suelos degradados, incluidas las tierras afectadas por la desertificación, la sequía y las inundaciones, y procurar lograr un mundo con una degradación neutra del suelo"
"15","Vida de ecosistemas terrestres","Proteger, restablecer y promover el uso sostenible de los ecosistemas terrestres, efectuar una ordenación sostenible de los bosques, luchar contra la desertificación, detener y revertir la degradación de las tierras y poner freno a la pérdida de biodiversidad biológica","15.04","Para 2030, velar por la conservación de los ecosistemas montañosos, incluida su diversidad biológica, a fin de mejorar su capacidad de proporcionar beneficios esenciales para el desarrollo sostenible"
"15","Vida de ecosistemas terrestres","Proteger, restablecer y promover el uso sostenible de los ecosistemas terrestres, efectuar una ordenación sostenible de los bosques, luchar contra la desertificación, detener y revertir la degradación de las tierras y poner freno a la pérdida de biodiversidad biológica","15.05","Adoptar medidas urgentes y significativas para reducir la degradación de los hábitats naturales, detener la pérdida de la diversidad biológica y, para 2020, proteger las especies amenazadas y evitar su extinción"
"15","Vida de ecosistemas terrestres","Proteger, restablecer y promover el uso sostenible de los ecosistemas terrestres, efectuar una ordenación sostenible de los bosques, luchar contra la desertificación, detener y revertir la degradación de las tierras y poner freno a la pérdida de biodiversidad biológica","15.06","Promover la participación justa y equitativa en los beneficios que se deriven de la utilización de los recursos genéticos y promover el acceso adecuado a esos recursos, como se ha convenido internacionalmente"
"15","Vida de ecosistemas terrestres","Proteger, restablecer y promover el uso sostenible de los ecosistemas terrestres, efectuar una ordenación sostenible de los bosques, luchar contra la desertificación, detener y revertir la degradación de las tierras y poner freno a la pérdida de biodiversidad biológica","15.07","Adoptar medidas urgentes para poner fin a la caza furtiva y el tráfico de especies protegidas de flora y fauna y abordar la demanda y la oferta ilegales de productos silvestres"
"15","Vida de ecosistemas terrestres","Proteger, restablecer y promover el uso sostenible de los ecosistemas terrestres, efectuar una ordenación sostenible de los bosques, luchar contra la desertificación, detener y revertir la degradación de las tierras y poner freno a la pérdida de biodiversidad biológica","15.08","Para 2020, adoptar medidas para prevenir la introducción de especies exóticas invasoras y reducir de forma significativa sus efectos en los ecosistemas terrestres y acuáticos y controlar o erradicar las especies prioritarias"
"15","Vida de ecosistemas terrestres","Proteger, restablecer y promover el uso sostenible de los ecosistemas terrestres, efectuar una ordenación sostenible de los bosques, luchar contra la desertificación, detener y revertir la degradación de las tierras y poner freno a la pérdida de biodiversidad biológica","15.09","Para 2020, integrar los valores de los ecosistemas y la diversidad biológica en la planificación nacional y local, los procesos de desarrollo, las estrategias de reducción de la pobreza y la contabilidad"
"15","Vida de ecosistemas terrestres","Proteger, restablecer y promover el uso sostenible de los ecosistemas terrestres, efectuar una ordenación sostenible de los bosques, luchar contra la desertificación, detener y revertir la degradación de las tierras y poner freno a la pérdida de biodiversidad biológica","15.a","Movilizar y aumentar de manera significativa los recursos financieros procedentes de todas las fuentes para conservar y utilizar de forma sostenible la diversidad biológica y los ecosistemas"
"15","Vida de ecosistemas terrestres","Proteger, restablecer y promover el uso sostenible de los ecosistemas terrestres, efectuar una ordenación sostenible de los bosques, luchar contra la desertificación, detener y revertir la degradación de las tierras y poner freno a la pérdida de biodiversidad biológica","15.b","Movilizar un volumen apreciable de recursos procedentes de todas las fuentes y a todos los niveles para financiar la gestión forestal sostenible y proporcionar incentivos adecuados a los países en desarrollo para que promuevan dicha gestión, en particular con miras a la conservación y la reforestación"
"15","Vida de ecosistemas terrestres","Proteger, restablecer y promover el uso sostenible de los ecosistemas terrestres, efectuar una ordenación sostenible de los bosques, luchar contra la desertificación, detener y revertir la degradación de las tierras y poner freno a la pérdida de biodiversidad biológica","15.c","Aumentar el apoyo mundial a la lucha contra la caza furtiva y el tráfico de especies protegidas, en particular aumentando la capacidad de las comunidades locales para promover oportunidades de subsistencia sostenibles"
"16","Paz, justicia e instituciones sólidas","Promover sociedades pacíficas e inclusivas para el desarrollo sostenible, facilitar el acceso a la justicia para todos y crear instituciones eficaces, responsables e inclusivas a todos los niveles","16.01","Reducir considerablemente todas las formas de violencia y las tasas de mortalidad conexas en todo el mundo"
"16","Paz, justicia e instituciones sólidas","Promover sociedades pacíficas e inclusivas para el desarrollo sostenible, facilitar el acceso a la justicia para todos y crear instituciones eficaces, responsables e inclusivas a todos los niveles","16.02","Poner fin al maltrato, la explotación, la trata, la tortura y todas las formas de violencia contra los niños"
"16","Paz, justicia e instituciones sólidas","Promover sociedades pacíficas e inclusivas para el desarrollo sostenible, facilitar el acceso a la justicia para todos y crear instituciones eficaces, responsables e inclusivas a todos los niveles","16.03","Promover el estado de derecho en los planos nacional e internacional y garantizar la igualdad de acceso a la justicia para todos"
"16","Paz, justicia e instituciones sólidas","Promover sociedades pacíficas e inclusivas para el desarrollo sostenible, facilitar el acceso a la justicia para todos y crear instituciones eficaces, responsables e inclusivas a todos los niveles","16.04","Para 2030, reducir de manera significativa las corrientes financieras y de armas ilícitas, fortalecer la recuperación y devolución de bienes robados y luchar contra todas las formas de delincuencia organizada"
"16","Paz, justicia e instituciones sólidas","Promover sociedades pacíficas e inclusivas para el desarrollo sostenible, facilitar el acceso a la justicia para todos y crear instituciones eficaces, responsables e inclusivas a todos los niveles","16.05","Reducir sustancialmente la corrupción y el soborno en todas sus formas"
"16","Paz, justicia e instituciones sólidas","Promover sociedades pacíficas e inclusivas para el desarrollo sostenible, facilitar el acceso a la justicia para todos y crear instituciones eficaces, responsables e inclusivas a todos los niveles","16.06","Crear instituciones eficaces, responsables y transparentes a todos los niveles"
"16","Paz, justicia e instituciones sólidas","Promover sociedades pacíficas e inclusivas para el desarrollo sostenible, facilitar el acceso a la justicia para todos y crear instituciones eficaces, responsables e inclusivas a todos los niveles","16.07","Garantizar la adopción de decisiones inclusivas, participativas y representativas que respondan a las necesidades a todos los niveles"
"16","Paz, justicia e instituciones sólidas","Promover sociedades pacíficas e inclusivas para el desarrollo sostenible, facilitar el acceso a la justicia para todos y crear instituciones eficaces, responsables e inclusivas a todos los niveles","16.08","Ampliar y fortalecer la participación de los países en desarrollo en las instituciones de gobernanza mundial"
"16","Paz, justicia e instituciones sólidas","Promover sociedades pacíficas e inclusivas para el desarrollo sostenible, facilitar el acceso a la justicia para todos y crear instituciones eficaces, responsables e inclusivas a todos los niveles","16.09","Para 2030, proporcionar acceso a una identidad jurídica para todos, en particular mediante el registro de nacimientos"
"16","Paz, justicia e instituciones sólidas","Promover sociedades pacíficas e inclusivas para el desarrollo sostenible, facilitar el acceso a la justicia para todos y crear instituciones eficaces, responsables e inclusivas a todos los niveles","16.10","Garantizar el acceso público a la información y proteger las libertades fundamentales, de conformidad con las leyes nacionales y los acuerdos internacionales"
"16","Paz, justicia e instituciones sólidas","Promover sociedades pacíficas e inclusivas para el desarrollo sostenible, facilitar el acceso a la justicia para todos y crear instituciones eficaces, responsables e inclusivas a todos los niveles","16.a","Fortalecer las instituciones nacionales pertinentes, incluso mediante la cooperación internacional, con miras a crear capacidad a todos los niveles, en particular en los países en desarrollo, para prevenir la violencia y combatir el terrorismo y la delincuencia"
"16","Paz, justicia e instituciones sólidas","Promover sociedades pacíficas e inclusivas para el desarrollo sostenible, facilitar el acceso a la justicia para todos y crear instituciones eficaces, responsables e inclusivas a todos los niveles","16.b","Promover y aplicar leyes y políticas no discriminatorias en favor del desarrollo sostenible"
"17","Alianzas para lograr los objetivos","Fortalecer los medios de ejecución y revitalizar la alianza mundial para el desarrollo sostenible","17.01","Fortalecer la movilización de recursos internos, incluso mediante la prestación de apoyo internacional a los países en desarrollo, con el fin de mejorar la capacidad nacional para recaudar ingresos fiscales y de otra índole"
"17","Alianzas para lograr los objetivos","Fortalecer los medios de ejecución y revitalizar la alianza mundial para el desarrollo sostenible","17.02","Velar por que los países desarrollados cumplan cabalmente sus compromisos en relación con la asistencia oficial para el desarrollo, incluido el compromiso de numerosos países desarrollados de alcanzar el objetivo de destinar el 0,7% del ingreso nacional bruto a la asistencia oficial para el desarrollo y del 0,15% al 0,20% del ingreso nacional bruto a la asistencia oficial para el desarrollo de los países menos adelantados; y alentar a los proveedores de asistencia oficial para el desarrollo a que consideren fijar una meta para destinar al menos el 0,20% del ingreso nacional bruto a la asistencia oficial para el desarrollo de los países menos adelantados"
"17","Alianzas para lograr los objetivos","Fortalecer los medios de ejecución y revitalizar la alianza mundial para el desarrollo sostenible","17.03","Movilizar recursos financieros adicionales procedentes de múltiples fuentes para los países en desarrollo"
"17","Alianzas para lograr los objetivos","Fortalecer los medios de ejecución y revitalizar la alianza mundial para el desarrollo sostenible","17.04","Ayudar a los países en desarrollo a lograr la sostenibilidad de la deuda a largo plazo con políticas coordinadas orientadas a fomentar la financiación, el alivio y la reestructuración de la deuda, según proceda, y hacer frente a la deuda externa de los países pobres muy endeudados a fin de reducir el endeudamiento excesivo"
"17","Alianzas para lograr los objetivos","Fortalecer los medios de ejecución y revitalizar la alianza mundial para el desarrollo sostenible","17.05","Adoptar y aplicar sistemas de promoción de las inversiones en favor de los países menos adelantados"
"17","Alianzas para lograr los objetivos","Fortalecer los medios de ejecución y revitalizar la alianza mundial para el desarrollo sostenible","17.06","Mejorar la cooperación regional e internacional Norte-Sur, Sur-Sur y triangular en materia de ciencia, tecnología e innovación y el acceso a ellas y aumentar el intercambio de conocimientos en condiciones mutuamente convenidas, entre otras cosas mejorando la coordinación entre los mecanismos existentes, en particular en el ámbito de las Naciones Unidas, y mediante un mecanismo mundial de facilitación de la tecnología"
"17","Alianzas para lograr los objetivos","Fortalecer los medios de ejecución y revitalizar la alianza mundial para el desarrollo sostenible","17.07","Promover el desarrollo de tecnologías ecológicamente racionales y su transferencia, divulgación y difusión a los países en desarrollo en condiciones favorables, incluso en condiciones concesionarias y preferenciales, por mutuo acuerdo"
"17","Alianzas para lograr los objetivos","Fortalecer los medios de ejecución y revitalizar la alianza mundial para el desarrollo sostenible","17.08","Poner en pleno funcionamiento, a más tardar en 2017, el banco de tecnología y el mecanismo de apoyo a la ciencia, la tecnología y la innovación para los países menos adelantados y aumentar la utilización de tecnología instrumental, en particular de la tecnología de la información y las comunicaciones"
"17","Alianzas para lograr los objetivos","Fortalecer los medios de ejecución y revitalizar la alianza mundial para el desarrollo sostenible","17.09","Aumentar el apoyo internacional a la ejecución de programas de fomento de la capacidad eficaces y con objetivos concretos en los países en desarrollo a fin de apoyar los planes nacionales orientados a aplicar todos los Objetivos de Desarrollo Sostenible, incluso mediante la cooperación Norte-Sur, Sur-Sur y triangular"
"17","Alianzas para lograr los objetivos","Fortalecer los medios de ejecución y revitalizar la alianza mundial para el desarrollo sostenible","17.10","Promover un sistema de comercio multilateral universal, basado en normas, abierto, no discriminatorio y equitativo en el marco de la Organización Mundial del Comercio, incluso mediante la conclusión de las negociaciones con arreglo a su Programa de Doha para el Desarrollo"
"17","Alianzas para lograr los objetivos","Fortalecer los medios de ejecución y revitalizar la alianza mundial para el desarrollo sostenible","17.11","Aumentar de manera significativa las exportaciones de los países en desarrollo, en particular con miras a duplicar la participación de los países menos adelantados en las exportaciones mundiales para 2020"
"17","Alianzas para lograr los objetivos","Fortalecer los medios de ejecución y revitalizar la alianza mundial para el desarrollo sostenible","17.12","Lograr la consecución oportuna del acceso a los mercados, libre de derechos y de contingentes, de manera duradera para todos los países menos adelantados, de conformidad con las decisiones de la Organización Mundial del Comercio, entre otras cosas velando por que las normas de origen preferenciales aplicables a las importaciones de los países menos adelantados sean transparentes y sencillas y contribuyan a facilitar el acceso a los mercados"
"17","Alianzas para lograr los objetivos","Fortalecer los medios de ejecución y revitalizar la alianza mundial para el desarrollo sostenible","17.13","Aumentar la estabilidad macroeconómica mundial, incluso mediante la coordinación y coherencia normativas"
"17","Alianzas para lograr los objetivos","Fortalecer los medios de ejecución y revitalizar la alianza mundial para el desarrollo sostenible","17.14","Mejorar la coherencia normativa para el desarrollo sostenible"
"17","Alianzas para lograr los objetivos","Fortalecer los medios de ejecución y revitalizar la alianza mundial para el desarrollo sostenible","17.15","Respetar el liderazgo y el margen normativo de cada país para establecer y aplicar políticas orientadas a la erradicación de la pobreza y la promoción del desarrollo sostenible"
"17","Alianzas para lograr los objetivos","Fortalecer los medios de ejecución y revitalizar la alianza mundial para el desarrollo sostenible","17.16","Fortalecer la Alianza Mundial para el Desarrollo Sostenible, complementada por alianzas entre múltiples interesados que movilicen y promuevan el intercambio de conocimientos, capacidad técnica, tecnología y recursos financieros, a fin de apoyar el logro de los Objetivos de Desarrollo Sostenible en todos los países, en particular los países en desarrollo"
"17","Alianzas para lograr los objetivos","Fortalecer los medios de ejecución y revitalizar la alianza mundial para el desarrollo sostenible","17.17","Alentar y promover la constitución de alianzas eficaces en las esferas pública, público-privada y de la sociedad civil, aprovechando la experiencia y las estrategias de obtención de recursos de las asociaciones"
"17","Alianzas para lograr los objetivos","Fortalecer los medios de ejecución y revitalizar la alianza mundial para el desarrollo sostenible","17.18","Para 2020, mejorar la prestación de apoyo para el fomento de la capacidad a los países en desarrollo, incluidos los países menos adelantados y los pequeños Estados insulares en desarrollo, con miras a aumentar de forma significativa la disponibilidad de datos oportunos, fiables y de alta calidad desglosados por grupos de ingresos, género, edad, raza, origen étnico, condición migratoria, discapacidad, ubicación geográfica y otras características pertinentes en los contextos nacionales"
"17","Alianzas para lograr los objetivos","Fortalecer los medios de ejecución y revitalizar la alianza mundial para el desarrollo sostenible","17.19","Para 2030, aprovechar las iniciativas existentes para elaborar indicadores que permitan medir progresos logrados en materia de desarrollo sostenible y que complementen los utilizados para medir el producto interno bruto, y apoyar el fomento de la capacidad estadística en los países en desarrollo."
